,max_len,accuracy,precision,recall,f1-score,corpus_size
0,140.0,0.6255707740783691,90.13157894736842,30.444444444444446,45.51495016611296,2918.0
