,max_len,accuracy,precision,recall,f1-score,corpus_size
0,253.0,0.5577830076217651,53.86702849389417,91.89814814814815,67.92130025662959,2826.0
