,max_len,accuracy,precision,recall,f1-score,corpus_size
0,219.0,0.49764150381088257,49.764150943396224,100.0,66.45669291338582,2826.0
