,max_len,accuracy,precision,recall,f1-score,corpus_size
0,134.0,0.5707762837409973,56.102003642987256,69.52595936794582,62.096774193548384,2918.0
