,max_len,accuracy,precision,recall,f1-score
0,124,0.659246564,0.925373134,0.396166134,0.554809843
