,max_len,accuracy,precision,recall,f1-score
0,134,0.597602725,0.694029851,0.324041812,0.441805226
