,max_len,accuracy,precision,recall,f1-score
0,196,0.784452319,0.875,0.654676259,0.748971193
