,max_len,accuracy,precision,recall,f1-score
0,253,0.538869262,0.58,0.395904437,0.470588235
