,max_len,accuracy,precision,recall,f1-score
0,253.0,0.7544169425964355,0.7347560975609756,0.8225255972696246,0.7761674718196457
