,max_len,accuracy,precision,recall,f1-score
0,134.0,0.8202054500579834,0.8395522388059702,0.7839721254355401,0.8108108108108109
