,max_len,accuracy,precision,recall,f1-score
0,124.0,0.9880136847496033,0.9935483870967742,0.9840255591054313,0.9887640449438203
