,max_len,accuracy,precision,recall,f1-score
0,196.0,0.9752650260925293,0.9583333333333334,0.9928057553956835,0.9752650176678445
