,max_len,accuracy,precision,recall,f1-score
0,124.0,0.8681506849315068,0.849112426035503,0.9169329073482428,0.8817204301075269
