,max_len,accuracy,precision,recall,f1-score
0,134.0,0.660958904109589,0.6212534059945504,0.794425087108014,0.6972477064220183
