,max_len,accuracy,precision,recall,f1-score
0,196.0,0.8551236749116607,0.8245033112582781,0.89568345323741,0.8586206896551725
