,max_len,accuracy,precision,recall,f1-score
0,253.0,0.6042402826855123,0.5945205479452055,0.7406143344709898,0.6595744680851063
